{
    "Experiences": [
        {
            "id": "levadaribeirofrio",
            "header": "Levada do Ribeiro Frio",
            "subheader": "Levada espetacular pelos belos caminhos do Ribeiro Frio",
            "photo": "#",
            "location": "Ribeiro Frio"
        },{
            "header": "Rota das baleias",
            "subheader": "Calmo passeio pelo mar do Atlantico à procura de baleias",
            "photo": "#",
            "location": "Oceano Atlantico"
        },{
            "header": "TukCrossFucnhal",
            "subheader": "Deslumbre-se pelas ruas do Funchal à boleia de um tuk-tuk",
            "photo": "#",
            "location": "Funchal"
        },{
            "header": "Espetada Sobre a Parreira",
            "subheader": "Espetada? Espetada é no Lagarzinho, o restaurante n1 do Funchal",
            "photo": "#",
            "location": "Camara de Lobos"
        },{
            "header": "Prova da Poncha",
            "subheader": "Venha apreciar o prazer da verdadeira poncha madeirense no n3",
            "photo": "#",
            "location": "Zona Velha"
        },{
            "header": "Canyoning",
            "subheader": "Exploração de cursos de água, ultrapassando diversos obstáculos verticais ou anfíbios",
            "photo": "#",
            "location": "Seixal"
        },{
            "header": "Museu do CR7",
            "subheader": "Venha conhecer as bolas mais populares da região",
            "photo": "#",
            "location": "Funchal"
        },{
            "header": "Jantar Romantico",
            "subheader": "Traga a sua Maria/Manel à Vila dos peixes e coma uma bela sandes de peixe de espada",
            "photo": "#",
            "location": "Camara de Lobos"
        },{
            "header": "TukCrossFucnhal",
            "subheader": "Deslumbre-se pelas ruas do Funchal à boleia de um tuk-tuk",
            "photo": "#",
            "location": "Funchal"
        },{
            "header": "Espetada Sobre a Parreira",
            "subheader": "Espetada? Espetada é no Lagarzinho, o restaurante n1 do Funchal",
            "photo": "#",
            "location": "Camara de Lobos"
        },{
            "header": "Prova da Poncha",
            "subheader": "Venha apreciar o prazer da verdadeira poncha madeirense no n3",
            "photo": "#",
            "location": "Zona Velha"
        },{
            "header": "Canyoning",
            "subheader": "Exploração de cursos de água, ultrapassando diversos obstáculos verticais ou anfíbios",
            "photo": "#",
            "location": "Seixal"
        },{
            "header": "Museu do CR7",
            "subheader": "Venha conhecer as bolas mais populares da região",
            "photo": "#",
            "location": "Funchal"
        },{
            "header": "Jantar Romantico",
            "subheader": "Traga a sua Maria/Manel à Vila dos peixes e coma uma bela sandes de peixe de espada",
            "photo": "#",
            "location": "Camara de Lobos"
        },{
            "header": "TukCrossFucnhal",
            "subheader": "Deslumbre-se pelas ruas do Funchal à boleia de um tuk-tuk",
            "photo": "#",
            "location": "Funchal"
        },{
            "header": "Espetada Sobre a Parreira",
            "subheader": "Espetada? Espetada é no Lagarzinho, o restaurante n1 do Funchal",
            "photo": "#",
            "location": "Camara de Lobos"
        },{
            "header": "Prova da Poncha",
            "subheader": "Venha apreciar o prazer da verdadeira poncha madeirense no n3",
            "photo": "#",
            "location": "Zona Velha"
        },{
            "header": "Canyoning",
            "subheader": "Exploração de cursos de água, ultrapassando diversos obstáculos verticais ou anfíbios",
            "photo": "#",
            "location": "Seixal"
        },{
            "header": "Museu do CR7",
            "subheader": "Venha conhecer as bolas mais populares da região",
            "photo": "#",
            "location": "Funchal"
        },{
            "header": "Jantar Romantico",
            "subheader": "Traga a sua Maria/Manel à Vila dos peixes e coma uma bela sandes de peixe de espada",
            "photo": "#",
            "location": "Camara de Lobos"
        },{
            "header": "TukCrossFucnhal",
            "subheader": "Deslumbre-se pelas ruas do Funchal à boleia de um tuk-tuk",
            "photo": "#",
            "location": "Funchal"
        },{
            "header": "Espetada Sobre a Parreira",
            "subheader": "Espetada? Espetada é no Lagarzinho, o restaurante n1 do Funchal",
            "photo": "#",
            "location": "Camara de Lobos"
        },{
            "header": "Prova da Poncha",
            "subheader": "Venha apreciar o prazer da verdadeira poncha madeirense no n3",
            "photo": "#",
            "location": "Zona Velha"
        },{
            "header": "Canyoning",
            "subheader": "Exploração de cursos de água, ultrapassando diversos obstáculos verticais ou anfíbios",
            "photo": "#",
            "location": "Seixal"
        },{
            "header": "Museu do CR7",
            "subheader": "Venha conhecer as bolas mais populares da região",
            "photo": "#",
            "location": "Funchal"
        },{
            "header": "Jantar Romantico",
            "subheader": "Traga a sua Maria/Manel à Vila dos peixes e coma uma bela sandes de peixe de espada",
            "photo": "#",
            "location": "Camara de Lobos"
        }
    ]
}
