{
    "availability": [{
        "date": "21/01/2018",
        "time": [{
            "start": "10:00",
            "end": "12:00"
        }, {
            "start": "13:00",
            "end": "15:00"
        }]
    },
    {
        "date": "22/01/2018",
        "time": [{
            "start": "10:00",
            "end": "12:00"
        }, {
            "start": "13:00",
            "end": "15:00"
        }]
    },
    {
        "date": "23/01/2018",
        "time": [{
            "start": "10:00",
            "end": "12:00"
        }, {
            "start": "13:00",
            "end": "15:00"
        }]
    },
    {
        "date": "24/01/2018",
        "time": [{
            "start": "10:00",
            "end": "12:00"
        }, {
            "start": "13:00",
            "end": "15:00"
        }]
    },
    {
        "date": "25/01/2018",
        "time": [{
            "start": "10:00",
            "end": "12:00"
        }, {
            "start": "13:00",
            "end": "15:00"
        }]
    },{
        "date": "26/01/2018",
        "time": [{
            "start": "10:00",
            "end": "12:00"
        }, {
            "start": "13:00",
            "end": "15:00"
        }]
    },{
        "date": "27/01/2018",
        "time": [{
            "start": "10:00",
            "end": "12:00"
        }, {
            "start": "13:00",
            "end": "15:00"
        }]
    },{
        "date": "28/01/2018",
        "time": [{
            "start": "10:00",
            "end": "12:00"
        }, {
            "start": "13:00",
            "end": "15:00"
        }]
    }]
}
