{
    "header": "Levada do Ribeiro Frio",
    "shortDescription": "Levada espetacular pelos belos caminhos do Ribeiro Frio",
    "longDescription": "Levada espetacular pelos belos caminhos do Ribeiro Frio com a companhia de Guia super giro e divertido. Aproveite para respirar ar fundo, ao som dos passarinhos e das folhas das arvores da laurissilva. Não se esqueça de tirar muitas fotograficas para mais tarde partilhar com os seus netinhos",
    "company": "USB Turistas",
    "companyLogoImg": "#",
    "price": {
        "value": "99",
        "unit": "€"
    },
    "requirements": {
        "equipment": "Requere o uso de Ténis Desportivos",
        "age": "A partir dos 6 anos"
    },
    "Atributs": {
        "location": "Ribeiro Frio",
        "level": "Nível de Dificuldade 2",
        "category": "Levada",
        "duration": "Total de 2 horas"
    },

    "image": {
        "others": [{
                "image": "http://images.walkmeguide.com/levada-nova-santo-da-serra/levada_novasanto_da_serra_1501080284.jpg"
            },
            {
                "image": "http://www.cmcalheta.pt/media/rokgallery/0/00baf16a-d595-4c34-ee37-efa37891491e/Alecrim%202.JPG"
            }

        ]
    }

}
